Datetime,Water Level (m)
2025-07-11 00:00:00,0.13035958
2025-07-11 01:00:00,0.14821091
2025-07-11 02:00:00,0.15986322
2025-07-11 03:00:00,0.16477244
2025-07-11 04:00:00,0.16324267
2025-07-11 05:00:00,0.15910977
2025-07-11 06:00:00,0.1528764
2025-07-11 07:00:00,0.14670785
2025-07-11 08:00:00,0.1488393
2025-07-11 09:00:00,0.16060801
2025-07-11 10:00:00,0.18086612
2025-07-11 11:00:00,0.2054391
2025-07-11 12:00:00,0.23314011
2025-07-11 13:00:00,0.2607495
2025-07-11 14:00:00,0.28299344
2025-07-11 15:00:00,0.2983273
2025-07-11 16:00:00,0.30750173
2025-07-11 17:00:00,0.31157666
2025-07-11 18:00:00,0.3112098
2025-07-11 19:00:00,0.30660474
2025-07-11 20:00:00,0.30468664
2025-07-11 21:00:00,0.31078753
2025-07-11 22:00:00,0.3263693
2025-07-11 23:00:00,0.34739143
2025-07-12 00:00:00,0.37047306
2025-07-12 01:00:00,0.39089796
2025-07-12 02:00:00,0.40558186
2025-07-12 03:00:00,0.41410494
2025-07-12 04:00:00,0.41729978
2025-07-12 05:00:00,0.41674244
2025-07-12 06:00:00,0.41378635
2025-07-12 07:00:00,0.40973035
2025-07-12 08:00:00,0.40833732
2025-07-12 09:00:00,0.4159603
2025-07-12 10:00:00,0.43609393
2025-07-12 11:00:00,0.4637981
2025-07-12 12:00:00,0.49640256
2025-07-12 13:00:00,0.5294837
2025-07-12 14:00:00,0.5587993
2025-07-12 15:00:00,0.58098716
2025-07-12 16:00:00,0.5965971
2025-07-12 17:00:00,0.6064232
2025-07-12 18:00:00,0.61198306
2025-07-12 19:00:00,0.6150784
2025-07-12 20:00:00,0.61754274
2025-07-12 21:00:00,0.6233498
2025-07-12 22:00:00,0.6391198
2025-07-12 23:00:00,0.6653202
2025-07-13 00:00:00,0.6953866
2025-07-13 01:00:00,0.72460645
2025-07-13 02:00:00,0.7491075
2025-07-13 03:00:00,0.7659875
2025-07-13 04:00:00,0.77700216
2025-07-13 05:00:00,0.7840267
2025-07-13 06:00:00,0.7876409
2025-07-13 07:00:00,0.78843576
2025-07-13 08:00:00,0.7884273
2025-07-13 09:00:00,0.7915241
2025-07-13 10:00:00,0.80586827
2025-07-13 11:00:00,0.833089
2025-07-13 12:00:00,0.8677013
2025-07-13 13:00:00,0.9044716
2025-07-13 14:00:00,0.9382193
2025-07-13 15:00:00,0.9618037
2025-07-13 16:00:00,0.9795511
2025-07-13 17:00:00,0.99189174
2025-07-13 18:00:00,0.9997729
2025-07-13 19:00:00,1.0045377
2025-07-13 20:00:00,1.0071766
2025-07-13 21:00:00,1.0093882
2025-07-13 22:00:00,1.0160359
2025-07-13 23:00:00,1.0335398
2025-07-14 00:00:00,1.0608596
2025-07-14 01:00:00,1.0937186
2025-07-14 02:00:00,1.1240528
2025-07-14 03:00:00,1.1454926
2025-07-14 04:00:00,1.1640562
2025-07-14 05:00:00,1.1778973
2025-07-14 06:00:00,1.1883029
2025-07-14 07:00:00,1.1954755
2025-07-14 08:00:00,1.2002516
2025-07-14 09:00:00,1.2052191
2025-07-14 10:00:00,1.21546
2025-07-14 11:00:00,1.2369988
2025-07-14 12:00:00,1.2677393
2025-07-14 13:00:00,1.300499
2025-07-14 14:00:00,1.3353254
2025-07-14 15:00:00,1.3653662
2025-07-14 16:00:00,1.3892367
2025-07-14 17:00:00,1.407308
2025-07-14 18:00:00,1.4205755
2025-07-14 19:00:00,1.4304559
2025-07-14 20:00:00,1.4373633
2025-07-14 21:00:00,1.4423349
2025-07-14 22:00:00,1.447447
2025-07-14 23:00:00,1.4579887
2025-07-15 00:00:00,1.4777185
2025-07-15 01:00:00,1.5024719
2025-07-15 02:00:00,1.5303316
2025-07-15 03:00:00,1.5535262
2025-07-15 04:00:00,1.571697
2025-07-15 05:00:00,1.5841453
2025-07-15 06:00:00,1.5923549
2025-07-15 07:00:00,1.5975182
2025-07-15 08:00:00,1.6007637
2025-07-15 09:00:00,1.6022581
2025-07-15 10:00:00,1.6044636
2025-07-15 11:00:00,1.6132616
2025-07-15 12:00:00,1.6324925
2025-07-15 13:00:00,1.6554812
2025-07-15 14:00:00,1.6832416
2025-07-15 15:00:00,1.7080296
2025-07-15 16:00:00,1.7275507
2025-07-15 17:00:00,1.7413563
2025-07-15 18:00:00,1.7512413
2025-07-15 19:00:00,1.757745
2025-07-15 20:00:00,1.7619534
2025-07-15 21:00:00,1.764137
2025-07-15 22:00:00,1.7646271
2025-07-15 23:00:00,1.7665423
2025-07-16 00:00:00,1.7749764
2025-07-16 01:00:00,1.7911117
2025-07-16 02:00:00,1.812509
2025-07-16 03:00:00,1.833551
2025-07-16 04:00:00,1.8489869
2025-07-16 05:00:00,1.8602588
2025-07-16 06:00:00,1.8697455
2025-07-16 07:00:00,1.8758004
2025-07-16 08:00:00,1.8791696
2025-07-16 09:00:00,1.8802737
2025-07-16 10:00:00,1.8804308
2025-07-16 11:00:00,1.8821954
2025-07-16 12:00:00,1.8909574
2025-07-16 13:00:00,1.908926
2025-07-16 14:00:00,1.9299842
2025-07-16 15:00:00,1.9535179
2025-07-16 16:00:00,1.9707601
2025-07-16 17:00:00,1.9829705
2025-07-16 18:00:00,1.9908344
2025-07-16 19:00:00,1.9960128
2025-07-16 20:00:00,1.9987227
2025-07-16 21:00:00,1.999618
2025-07-16 22:00:00,1.9982158
2025-07-16 23:00:00,1.9960685
2025-07-17 00:00:00,1.9962245
